"","PC1","PC2","PC3","PC4","PC5","PC6","PC7","PC8","PC9","PC10","PC11","PC12","PC13","PC14","PC15","PC16","PC17","PC18","PC19","PC20","PC21","PC22","PC23","PC24"
"5.043/1006.89338235294",-0.0884588773489442,-0.0355775573110232,0.0203841677263122,-0.00935764541647148,-0.0147726022005509,-0.00825250835542717,0.0565647314602808,0.00996685273206509,0.0119976866986829,0.00115693851698016,0.0503050890735296,-0.00450939037409852,-0.00968869810715311,-0.0425900503500562,0.0562454040852895,-0.02259246810078,-0.0421897914992934,0.0169713702564437,0.0502633263917551,-0.0238608394335798,0.0416523227359761,0.00730440822072233,0.00273940971144898,0.138533100637682
"5.303/1019.92814171123",-0.249362089471981,-0.116734815824383,0.0626267131234446,0.0125289474712308,-0.044960856646912,0.0406168137583876,-0.0494544603924974,-0.0772973203266199,0.0104093197089551,-0.0877208882587504,-0.0130960359852733,-0.0249715583803866,0.0572083788506255,0.0580662450736718,-0.0561960429258072,-0.0582824423305247,0.138776398493667,0.0541917702174863,0.0480536757351243,0.0439461606919706,0.168039468115661,0.144589578060255,0.148943616842896,0.0191503579272584
"5.377/1023.63803475936",-0.250304280375197,-0.117500960895654,0.0533355302640122,-0.0703738377022456,-0.0501625079042769,-0.0130144397460447,-0.0430327448490335,-0.0956715002093804,0.032796299784347,-0.0916475263783331,-0.0472192046166658,-0.0588990018095697,-0.073596895727859,0.000261775317985707,-0.147120850155299,-0.141797723456823,0.147372171979418,0.0764000860176411,0.0368837299001926,-0.0261339756744949,0.0222279647723027,0.234785931291674,-0.19076729448197,-0.00216622003725999
"6.112/1060.48629679144",-0.0881107656374727,-0.034322367717055,0.0189048912185354,-0.00972807323990152,-0.014919431941321,-0.00742890771309898,0.0474836688927865,-0.00287696859616462,0.000448734881179244,0.00211581203312622,0.0404425420114835,0.0126566620654886,-0.00225096497655816,-0.0421958432883954,0.00276974697236037,0.0308895457262567,-0.0221819000127813,0.034626156491015,0.0527423588529572,0.0429151104590992,0.00421349337598513,0.00699480198422219,-0.000925049613507399,0.0323992080340648
"6.182/1063.99565508021",0.0804850455177342,0.0711408259060266,0.423177859319416,-0.153179891562349,-0.0465191588067746,0.348168756592183,-0.113396368620486,-0.0128139993248148,0.014974776811365,0.208748668076814,-0.0729332355495048,-0.067209787384659,-0.0572977551708841,0.160232967040369,0.268054197569098,0.289359759986395,-0.219669044099359,-0.0825077588724026,0.0029215744509632,0.0895520362001196,-0.118701071116477,0.133868031193443,-0.00376359192963296,-0.0379237827698829
"6.471/1078.48429144385",0.0113176965637294,0.00661523562725828,0.0186660033913945,-0.177584693348845,-0.0168594405230805,-0.00722086613844242,-0.111486516919174,0.409241939653937,-0.524165908392221,-0.0608430788959957,0.147145827516456,0.0506774752570695,-0.242615726791676,-0.13777193438576,0.0581748908069638,-0.0322213613174582,0.194656392875064,0.0376312925696666,0.082034649477295,-0.0902830694653132,-0.214577596740976,0.0566295605279904,-0.210140426586541,-0.0363200176108531
"7.058/1106.0608",-0.0883734471369765,-0.0353210967668956,0.0196469850190246,-0.00894585986328244,-0.0200507754403112,-0.00700210117522337,0.0563084774405049,0.0033995302680987,0.00203652895198085,0.00294128131030162,0.0378783749591899,0.00412020238841155,-0.00607560411956554,-0.0313314309029019,0.0291196956285755,-0.00158052791806042,-0.0256943768873452,0.0381235246329317,0.0392842909991447,-0.0262179855473858,0.045433734683843,0.0177871158385774,-0.00179527196023098,-0.0717107528295757
"7.379/1118.3872",-0.0908686581134187,-0.0512464645763287,0.025091376076036,-0.00864228608788003,-0.0216116347108932,-0.0059728293749701,0.0726598098064677,0.0064853526122797,0.00139658772120295,-0.0047396510874839,0.0283256157678874,0.0253903598411048,-0.0135647310242075,-0.03486693312765,0.0373697080933289,-0.00397847625683983,-0.0316519386056864,0.0183960803692541,0.0188029057970454,-0.034584299717622,0.0378868355227036,0.00999350217841477,-0.00237793275487198,0.0821226425939015
"7.643/1128.5248",-0.0897826136450077,-0.0279161228579074,0.0182889330922887,-0.00725992233591307,-0.0361227406743832,-0.00680307866141114,0.0517011187463861,0.0160947091648585,0.00855111504853876,-0.00556844449102575,0.00322349886033833,0.00412923229183474,0.000599648147221038,-0.0708302320097398,0.0613477615416941,-0.027635445241016,-0.0343090332449671,-0.0291371717028461,-0.0167319974534083,-0.0992729903202914,0.0654641894532418,0.0073974048654912,0.00251328437904404,0.135764329222465
"7.791/1134.208",-0.105775365079222,0.0775527200649661,-0.00531953789238472,-0.0124690175412397,-0.00203164316768859,-0.0138780254379157,0.0325066443432435,0.0748687835943807,0.0293138243836184,0.0509026183629703,-0.0415636692943116,-0.0123418006106185,0.0375392115612737,-0.0390752334378254,-0.0542776668084055,0.0473197950548475,0.0100223681514459,0.0564089798736663,-0.0474978252115405,-0.0621835109461788,0.0450918321980364,0.0103435659240039,0.00204872128167489,-0.153377977294079
"8.088/1145.6128",-0.087336534011057,-0.040283984422677,0.0208050502305275,-0.00762286071214596,-0.00834139265297285,-0.00347106515898812,0.0353652648578415,-0.0181224941581384,-0.0101719248255077,-0.019305601084506,0.0125576247528381,0.0213013164225438,-0.0105047625550868,-0.0204579756185763,0.03421102373926,-0.0265278965823538,0.00400928935364647,-0.00491617598243445,0.00693897936684057,-0.0102782992507698,0.0237149499136223,0.0035468312571014,-0.00646239192748591,0.122084528240999
"8.483/1160.7808",-0.0901063762692872,-0.0449654007078764,0.0245927263108397,-0.00830516874383503,0.0113100055528679,-0.00328069986501234,0.0365146029539889,-0.0200566045570495,-0.00709797022793278,-0.0362578723221209,0.00776211803909988,0.0477735471546064,-0.0218944545600803,-0.0424660208529553,0.0564157739340595,-0.0235733025801545,-0.0175932536848994,0.016020504429274,-0.0674302704774559,0.00602608950808822,-0.0150333911600376,-0.0384147162734457,5.47430188466697e-05,0.195662241277724
"8.896/1176.64",-0.0917904799868491,-0.0445912982234723,0.0249527089965228,-0.0109394333399689,0.0269585913465185,-0.00643250355839401,0.0510065785129941,-0.0204477404374999,-0.0138918676650274,-0.0169293783488814,0.0153827172683693,0.0508666973283739,-0.0169448664044686,-0.0507209804112482,0.0245935064735636,0.0168273649024411,-0.0477737033205548,0.100652635424174,0.0464321744759273,0.123217813757675,-0.0465091853675407,-0.0388590288361245,0.00649980394353561,0.152763549759452
"9.435/1197.3376",-0.221602927179567,-0.102625538632643,0.04146794302509,-0.0208099020990994,-0.0352750529556291,0.0734794908892294,-0.0479123508893648,-0.0834429439547367,0.0153756547346292,-0.0846598843436773,-0.0337520478874935,-0.0271302525741888,-0.000922025300570673,0.0192029210478236,-0.06953976227589,-0.0879943450278097,0.165886778998742,0.0458808093157812,0.0560170034293223,-0.0343440453030155,0.0739725445905981,0.0445520306940788,-0.098402097101773,0.0930609092957298
"9.679/1205.86545278161",-0.0938150934442838,-0.0052034963589387,0.0125667407078474,-0.00865188645206725,0.00100179898307749,-0.0159045689455719,-0.0528530240158032,0.090490032629253,0.0961106671062431,-0.018564050092997,-0.00158678196638995,0.0178000783071498,0.02576695397437,-0.184921386453448,0.0191578850986843,0.0752277650928199,-0.098666244998118,0.122791413998581,-0.0203479726073655,-0.0291895648065464,0.041781473684142,-0.016676531154994,0.0253373308311363,0.15241355473975
"10.384/1229.53994253946",-0.162015170507429,0.0914015678409116,0.0606519698261225,0.177530636920243,-0.0794083352216502,-0.0820167622625024,-0.113693944305282,0.165187336834378,-0.0314492124225721,0.00812709158527302,-0.264484842280177,-0.196235789742319,-0.0858840831431225,0.0342780882091311,0.270822060688633,-0.0397984763321997,-0.134040199355719,0.0903696224339759,-0.120307756644279,-0.0336084358088829,-0.236024286497056,0.289886725267934,-0.227808608519504,0.0159562588383547
"10.505/1233.60322376031",-0.0944699767126985,-0.0168296826190778,0.0127533929004448,-0.00572050881184339,-0.0223482180786638,-0.0154950605759826,-0.0891470982947475,0.127957815294528,0.122227245838302,-0.0152387735102068,-0.0318887240218177,0.0264437698095013,0.0467955574927389,-0.169867434049377,-0.0666898755040009,0.145244099046312,-0.0480776640629186,0.264869353999253,-0.0772634934937966,0.0324367751506002,0.0236569862618695,-0.0192343975642572,0.0244599426001767,-0.0901813099143059
"10.797/1243.4088280288",-0.0896353802368689,-0.0388580998222414,0.0188731143116544,-0.00434110375157011,-0.0540792478823235,-0.00143247921408864,-0.00567958378793206,-0.00785664909692854,0.013775983165903,-0.0588950946702265,-0.0157947204851597,0.0704960860597527,-0.00695842329152934,-0.098200502074362,0.0205685822743353,0.0452356755629417,-0.00639869408020399,0.074960114157922,-0.201089123104516,0.0165758511916925,-0.0462246341625569,-0.0701569305519608,0.00677211745301968,0.0156688892557775
"10.924/1247.67359426887",0.107852885559529,0.0554629988580218,0.0105699150071093,-0.118782507455494,0.0206433173556285,0.0118529455411557,0.0588457969864509,0.140405718400185,-0.103017895738627,-0.0976214091913305,0.066917825740557,0.0351720044341581,0.0846186622239271,-0.0887353444648253,0.115973691769479,0.0210783074081399,0.0691919523026114,0.00854591180078176,-0.0944235685385147,0.229442422639511,0.0855928935969016,0.607941175446074,0.395503241599583,-0.0700845096826785
"10.987/1249.78918697064",-0.0926426764360517,-0.0418190382304058,0.0238406224521929,-0.00608456926631891,0.00534136122516023,-0.00423606007657469,-0.0101327825904008,0.0263591957798621,0.0514562242317382,-0.0606389913265156,0.015257505098957,0.0375722755220059,-0.0271685923885561,-0.0546384960020445,0.108884822588652,-0.0864482456210508,-0.018584262194728,-0.0602906451397912,-0.0960599060521693,-0.0883213180053253,0.0305732216789291,-0.0344610549369465,0.00185366746821997,-0.203540064169448
"11.073/1252.67713891273",-0.0974465406065897,-0.089149513761807,0.0394101684105155,-0.00638890467990292,0.0629854984938256,-0.00489671317688862,-0.0315263935813736,0.0435367109730933,0.0620245105425703,-0.0800707766453488,-0.0388827698418487,0.0868095080340661,-0.0212685829338984,-0.0992256663124959,0.0793205026252094,-0.0448516038992477,-0.0246725207085033,-0.088398885985094,-0.0936386278703104,-0.0665482561724279,0.0137582337547573,-0.0315865556440117,0.000241839131034067,-0.0446504495039432
"11.503/1267.11689862319",-0.0876667809272825,-0.0288930930881328,0.0175088881725657,-0.00769086653172749,0.00086482838423441,-0.00669647959878125,0.0192732874211977,0.0190942417291579,0.0108293456205184,0.0072963939952542,0.00658366996452704,-0.0175812331868058,0.0113285664386002,-0.00256326627143689,-0.00225299355023443,-0.0143074113721783,0.0364187970555686,0.0272585198029272,0.00499922116772355,-0.0181705400032059,0.0439240781505766,0.0200309653064757,-0.00710057265858061,-0.267089333330413
"11.912/1280.85146076639",-0.230413101286842,-0.103632269929141,0.0453402088379082,-9.11357571029386e-05,-0.0406966063469967,-0.00774353459949484,-0.0561980473261777,-0.0870324568963715,0.0117764866642283,-0.0656068256367583,-0.0608620669355495,-0.0388340147677418,-0.0449471616088157,0.0639010570309198,0.04202084293882,0.0130401542651315,0.170809011216579,0.0304144479573938,0.0633882816415785,-0.0426467398043281,-0.030396777262418,0.153937495348699,0.022740143338475,0.11506742470827
"13.327/1327.1729807005",-0.123897010606563,0.0467427427172507,0.00855770113092467,-0.0164185367996829,0.0388331227274824,-0.0295863923238835,0.180737568511605,0.0754396103197961,-0.0821493650880725,0.211834908008005,-0.146096722822453,-0.298028809432679,0.140839890947372,-0.0979518890146118,0.0813039965055228,-0.182346777555603,0.00216772815067006,0.0256336502506915,0.269173256328521,0.089135984949911,0.0890042141637966,-0.0252925548935532,0.0449793043032483,0.0836029801376076
"14.185/1354.77126518942",0.0110602771543409,0.0128733762044996,0.106019258758214,0.159368738383038,-0.0166091153942651,-0.31778665683896,-0.0323544822999354,-0.0816787303876982,0.0515536427827775,0.0945324807046628,-0.11331630940497,-0.188876186712964,-0.658982091602758,-0.0696165763781245,-0.23937572136638,-0.0363136031649679,-0.077188309818481,-0.0282738617346628,-0.033985733953358,-0.0287814534424289,-0.10828056420406,0.127267150795996,0.305430103284357,-0.0310649565025518
"15.299/1390.60400285919",-0.0998087590219275,-0.0431664470659291,0.0354613948145554,-0.015447345945033,-0.029807946774919,-0.021364560505012,0.240317180797039,0.156296736930167,0.0943791507530936,0.0529618658789741,0.0989322752052559,0.0172771002434065,-0.0395276829938081,-0.135357120262596,0.166904577135236,-0.0328233107962839,-0.211741533683765,-0.122788525037709,-0.0022045243004819,0.00946009642494168,-0.0749133764329984,-0.115796930937325,0.0432771442355376,0.0332812143591943
"15.314/1391.08649035025",0.118920365047739,0.0523596300470888,-0.0914027000001497,0.0276827752476306,0.0354059480403005,-0.250374045620075,0.0891497545528676,0.148778117720734,-0.126086532427736,-0.228520042091529,0.0447169626148815,-0.0633601207486278,0.0417442583346066,-0.0113428244095371,-0.0180742992318532,0.0574308782541951,-0.103426776255135,-0.0422056563047817,-0.0545355231406223,0.1319351896089,0.192122911775344,-0.0426491622805796,-0.137933657292014,-0.0231453875509266
"16.191/1419.68598681524",-0.109725125336877,-0.0998832145335514,0.0439492670599794,-0.0152288456949775,0.0112560773904313,-0.0210777669133475,0.178624746582963,0.0877867604773637,0.0147013525387439,0.12687159977857,0.121975697943983,-0.17977886034506,0.0518862552352003,-0.0298581178946418,0.00390068183939211,0.0540485374092059,0.0561257926720179,-0.18757252460513,-0.202332838692383,-0.284651627415334,0.116017990346446,0.0655731270965622,-0.0122369878853284,-0.138727856064079
"16.259/1421.91747856018",-0.125022912947527,0.0262948077145376,0.0047785747859825,-0.0244002429520175,-0.0836147513138723,-0.027767309162062,0.182435990318866,0.102810723497853,0.044057002179063,0.195691298930223,0.27046600381638,-0.157581547862755,0.0665367839531186,0.0406591535174129,-0.265882260446069,0.351640150882413,0.0954719295558042,-0.0330702165887204,-0.106645361808988,-0.00485899078444348,-0.0277738729454875,0.100983446929653,-0.0259653020162511,-0.0327022667531841
"16.602/1433.17338545009",-0.0990997347104914,0.038747500695701,0.00161529559670948,-0.00848080451853911,-0.0511388985623307,-0.00740590692253961,0.0290222792896033,0.0456010053843236,0.0341110343065796,-0.00544481372788188,-0.0283316288042115,0.0296342789167635,0.00553994499792292,-0.0555749617804715,0.0234227292531063,-0.0390372363687857,-0.00540160112553361,-0.155894177125533,0.0497968270931008,-0.0119833191302591,0.00898164800723365,-0.00489200566242962,-0.000270994060671114,-0.00537262342848498
"16.724/1437.17694416895",-0.0923346451982759,-0.0253339385335383,0.0183479647656022,-0.00924260254397569,-0.0668529383747829,-0.00325976795229772,0.0949811336229562,0.0494075176321976,0.0398252491815864,-0.0164373199389732,0.032869031380156,0.138330486834754,-0.0380038796401435,-0.00272792227965903,-0.0586034004098394,0.095142919294763,-0.0329672069639792,-0.101490260302434,0.0515117027291356,-0.06171180210745,0.0221204047984644,0.0596872955580385,-0.0227206586013518,-0.226600310484732
"16.908/1443.21509830232",-0.127293745842406,-0.2176308629084,0.0767011993882067,-0.0211620165343656,0.122755815469327,-0.00758447027197406,0.141803804830803,-0.211936261498141,-0.148659296920718,-0.0311581035435456,0.186830092681488,0.00718426153058597,-0.0499478369729592,-0.122793462725751,0.126385010651145,0.0927459464189459,-0.129858827278095,0.154270299855562,-0.0680384308078169,-0.159969801971664,0.0989821684310797,0.0531439915199485,-0.0135009574092027,0.0837907465558403
"17.155/1451.32066390526",0.052176363620024,0.321763067434099,0.167573884460369,0.0595731166948042,0.117571221100574,0.134071043611939,0.336083384478529,-0.0390553408086675,0.0985923614611152,-0.349755948580086,-0.0604445837382135,0.0612461510535576,-0.114366379521343,0.0204052008754079,0.156975727353113,-0.145456878828529,0.0592424785845132,-0.0635434552118579,-0.217546310381685,0.0993850292749063,-0.00452389634697368,0.00845484832844006,0.0860851240440277,0.115278283524982
"17.292/1455.81646345021",-0.107296980396756,-0.0639415705167023,0.0433167674491643,-0.0257857429717337,0.268594548132521,0.00506402982680322,0.167848340516238,-0.303067329380931,-0.28170666128513,-0.00942590882260614,-0.0114755024712104,0.0905060765441437,-0.0545986931140725,0.102503636973259,-0.00154187208199194,-0.030471194895486,0.0800403959519356,-0.224986039147433,0.0589981521131407,0.252288695565832,-0.194296137798713,-0.0397254068715734,-0.0459682851818345,-0.18337562321978
"17.351/1457.75261069949",0.106088877108672,0.0448152594555904,-0.0904661300046958,0.185407712355596,0.0368399904036696,0.005530701647858,0.0133711947638319,0.0375945471998519,-0.00692452176577075,0.31293402850589,0.0469228890197065,0.151787392087959,-0.361506874565768,-0.231323089833076,0.167742762484717,0.0503710313440091,0.272002222774822,-0.0127645928104661,-0.0475541111749217,0.226631970392641,0.419804227687085,-0.0968479756661013,-0.248052984625479,-0.0159080936527931
"17.578/1465.00495887054",-0.101597166000671,0.0425332308429419,0.00324615715132551,-0.0133690516761058,0.066545136065782,-0.00848340804949432,-0.0192136014874431,0.00117721126990365,0.00548639262165086,0.00274735232749477,-0.0010642697466128,0.0102350950281309,0.00861467390969955,0.009240359178398,-0.0386802984049983,0.0120048081537054,0.0478149102176026,-0.000904212820495849,-0.0140126415483171,-0.0047760472825496,0.0142029764687874,0.0175335674228615,-0.0140026365992951,0.0297981882281617
"18.073/1481.44580246193",-0.0874292751687248,0.241737569353356,-0.0362195516532474,-0.0298797571761639,0.152537111099986,-0.0278896569978422,0.16603140130289,0.0588825177780224,-0.0477102621696672,0.171184488292403,-0.0549480809894422,-0.00915062728121032,0.0513433521000776,-0.0821868733239023,-0.109187213494338,0.138939651660582,-0.125512785995629,-0.176766351624283,0.193839966687957,-0.0128658716148809,-0.0242568504223665,0.0335894289467178,0.00901885142311059,0.17000411728449
"18.481/1494.83475293157",-0.08115630942339,0.193408964329036,-0.0229226760811774,-0.0356692067100832,0.323230176292432,-0.015981083045711,0.127309243512013,-0.142223363196541,-0.135328477429774,0.113262813283581,0.182168709699617,-0.0540923663452674,-0.0643241121717793,0.241509148164175,0.0117414299235898,-0.0584221852531826,-0.0540471597174229,0.191679177525226,0.253217462811567,0.015078302730927,0.0377321492836879,0.0675563303708003,-0.0270557075836802,-0.0650050411813577
"18.545/1496.93498045622",0.0593522794431169,0.0640227179078236,0.427307309031182,0.0238669605588642,-0.0479583000707269,-0.75473532739554,-0.0383479332962622,-0.0167475665192794,-0.0655813071593405,-0.0762108134116342,0.0317581408698188,0.0842281184236183,0.230226166335835,0.125371620075403,0.118864283132299,0.0916997897293821,0.0453451612698932,-0.014942324779946,0.0472409580556126,0.00789299535962454,0.0494338678378247,-0.0779534772090998,-0.00239046184169489,0.0202968667059234
"18.959/1510.7521008806",-0.141494503063568,-0.131477271409426,0.0705960234549531,-0.00893992706899242,0.0491541170543726,-0.0191056398095687,0.341420366411977,0.316741584868559,0.0214425953625137,0.17646425389358,-0.399317068522656,0.051437010588969,0.0925851510989762,0.00901627266649602,-0.134664923428842,-0.0232784374880049,0.0730838429478228,-0.00231263538903125,0.046867916739578,0.133246250064684,-0.0409517239785928,-0.0593996065198746,0.0157802582498975,0.0756821045272184
"19.117/1516.05101522599",0.035814720918078,0.0430977144640375,0.321501848715221,0.384704533397488,-0.013728546917014,0.0615259806229013,-0.0872093326144851,-0.0752785680355532,0.00323302964390862,0.421091321600888,0.170798822482274,0.310142629539477,0.123089354818846,-0.161770897462423,-0.112872454627306,-0.307713577642334,0.0285092959785796,0.0242544233670939,-0.0592771107778837,-0.0112140049812191,-0.0694047188849602,0.0987807295169734,0.130588127538764,0.0557703136860734
"19.858/1540.90225275726",0.093262730479317,0.0453570196085627,-0.0119447314527004,0.111363905957906,0.0251726325349775,-0.00620356263977476,0.0425905344577767,0.0253298352094708,0.0108985565529727,0.0349288195004751,0.0205679820916673,0.0187598414072336,0.0133434379166165,-0.0326376913120536,0.083741851641408,0.0618997522101611,-0.0405206661578044,-0.0181673327923845,-0.0347525862962361,0.0731511384982041,-0.0103402278055841,0.114239037536851,-0.251936718823101,0.0592265553710348
"20.097/1548.91769914048",-0.124100879071664,0.000383540916951528,0.026694830886205,-0.0133875804783457,-0.0357208191834128,0.0079020600927366,0.167142881270998,0.154189569118862,0.178753897966766,-0.132724730303608,0.131392788308479,0.452699995597272,-0.235359781965113,0.28087406974932,0.010591518944595,-0.0340610274495039,-0.11481814339049,0.0370475605784433,0.109759618724314,-0.0515605907830977,-0.021758573711164,0.027407193322535,-0.0489226606705937,0.090840730655559
"20.544/1563.9089314974",-0.104358569749075,-0.0285317208048529,0.0317717413285151,-0.0094587458738578,0.0529617226212596,-0.00523465926174785,0.16400840109071,0.0750565746641235,-0.0253243111075164,0.038986415547089,-0.140848732741411,0.0602975792895326,-0.00311763705400524,0.040294754739348,0.0189093522291639,-0.0625768049941741,0.0241195334314429,0.0139952669061634,-0.167843811651496,-0.195418672402874,0.0756728856136221,-0.00910589516450646,-0.010018188540857,-0.219627769287104
"20.574/1564.91505447437",-0.108712595532228,0.0900259385521481,-0.0134250721978857,-0.0101218589172125,-0.0122973535395422,0.000337695770106336,-0.0687119268457013,-0.124737915737022,-0.073774317081538,-0.0767387710191309,-0.0980161491282159,0.0838595375490468,0.00961341176503782,-0.145976275891309,0.0376822885898255,-0.0235494108003677,-0.00977406093329934,-0.200219277263129,0.0130644562451837,-0.0356669441642937,0.00891822711422695,-0.00324667188095955,-0.00849337363281697,-0.0727793754921493
"20.758/1571.08594206648",-0.115646454330164,0.0815258649313553,-0.00291206245084802,-0.0145851315369908,0.0338442632734137,-0.0135012444244748,-0.0352719381785363,0.0607367976630356,0.0838839939285272,-0.0434113191948447,0.00074512181301239,0.0779386662997591,-0.0158305219890236,-0.13131204926999,0.0649237522741944,-0.0150765814213626,-0.0949314146898704,-0.10442129238876,0.0104671276785605,-0.00406433601107549,-0.0243470661896184,-0.0493609408883166,0.0147733067183449,-0.0458110914131465
"20.954/1577.65927884938",0.0941440739500948,0.0475330132239895,0.0127325737878194,-0.0327918791668463,0.0232230056531956,0.059740449052047,0.0762218704417851,0.027423094837359,0.014101604650992,-0.086973673108888,0.0735895946562094,0.0185973590287301,0.195251949636258,-0.0807145599481106,-0.1648528688231,-0.15963501877037,-0.112280218554046,0.0159251368929195,-0.0522646939439317,-0.0185897772235859,-0.0497779783500979,0.0505116953042393,0.0466035548099522,-0.0786645604097707
"20.982/1578.59832696122",-0.100645502272279,0.0304510514853526,0.00647756036420785,-0.0135763924218244,0.0454908973897856,-0.00919486567689324,0.00269673454417283,-0.00344879595757296,0.00177690987926341,-0.000792451652484567,0.00788890357091301,0.027843604881961,0.00733153423562256,-0.0467807574023208,-0.0323394618093974,0.059941034306942,0.00687259736764491,-0.00325698518013237,-0.0661698004762609,-0.0137454560246681,-0.00705670461448298,-0.00125233460010027,-0.00690004933456715,0.220861700990573
"21.413/1593.05296039708",-0.0907684011000509,0.258142614075514,-0.0511375022287894,-0.0218983463059885,0.113780538971868,-0.0194698027054154,-0.0729071075147063,-0.0583323481501715,-0.0629414523380026,0.0427431381736824,-0.109492828067384,0.0212010456790946,0.0720272284828059,-0.235391160250611,-0.0861118935911581,0.188024458249178,-0.117622765369514,0.151280237171807,-0.0564581805354571,0.0622252133377584,-0.0608799113905974,-0.0589693684127102,0.0308412731867086,-0.187503238399134
"21.633/1600.45331372332",-0.117171919793285,0.0552261435245127,-0.0135544039323822,-0.00206759131207156,-0.222022031708773,0.0013208066847213,-0.0205595797968191,-0.0349886419697089,-0.037443335290666,-0.043892442434276,-0.168278817013774,0.122261173090603,0.0537998025799868,-0.17635624700482,-0.11792250609658,0.12179154944252,0.02093402597571,-0.0271554404584193,0.0913466789462005,0.198849577575116,-0.0658177119417012,-0.0172245144180106,0.00342287014199132,-0.0012898397894699
"21.645/1600.87640653175",0.0937969652049919,0.0475139149954824,0.0182424914713623,-0.0964403325738595,0.014015209164965,0.0215743488177966,0.0409138524677365,0.102023791669409,-0.0792543887871364,-0.0840550314322031,0.0424813944247968,-0.0408616273121137,-0.0335962742575145,-0.080442024270855,-0.0983405467418913,-0.069050529668645,-0.0966465293629823,-0.0105426306283039,-0.0780869888508509,0.105149716259354,0.0712213768394947,0.145512574444357,-0.198075476628467,0.224491633461324
"22.124/1617.7648611349",-0.113217878024143,0.111285706172445,-0.0156553147824261,-0.0127781084310297,-0.00201791479843134,-0.0103484495509024,-0.0547821907030698,0.0325782183093543,0.0549255114919901,-0.0146153006628526,0.0225045971232126,0.00502083338724041,0.00753423452068792,-0.0330788949806833,-0.00526352846635719,0.00117041563962185,0.0332014172177945,0.00122687931537388,-0.133111784310705,0.0240115962229125,-0.0434063823015144,-0.056308390802145,0.00301170246457622,0.0750344953892255
"22.135/1618.15269620929",0.114685344865856,0.0738899404783914,0.200190431755175,-0.0663033929648643,0.00797352031272086,0.0475437435079255,0.0518838611992308,0.0790642966491478,-0.0629714554904166,-0.0238427413435118,0.157344414091544,0.118813995338943,0.175535111088313,-0.234269744851792,-0.159474170232826,-0.249986086306154,0.142610265275673,0.0935428740260663,0.0327498168104587,-0.115928509890199,-0.170817077094308,0.0957262664530272,-0.141987163030842,-0.0435845261677003
"22.263/1622.66568616587",-0.102222367437386,0.00111698663759539,0.0033428219890768,-0.00326925853279385,-0.0916485877347381,-0.00123028723639932,-0.0292281216534619,-0.163900094004887,-0.127790118509406,-0.0480105602600401,-0.113187429335235,-0.0829497590468019,0.0523112215273744,-0.221303442297757,0.187212726501333,-0.181078409910993,-0.0268672021082796,-0.0859047725147405,0.10745147979085,0.101641609771916,0.0133804720871325,-0.0770530484647284,0.0299320410399869,-0.231165799361098
"22.437/1628.8005318881",-0.090742933911657,-0.0237420039684361,0.0147141673971425,-0.00679540336281544,-0.0653790977516892,-0.00361094724294566,0.0525871566453173,-0.0015510888898328,-0.000510669251742933,-0.00962525614421635,0.0119939572305744,0.0158649124188998,-0.0026816369414627,-0.0221040340020787,0.0148290220450532,-0.0235256726185837,0.0259663788571959,-0.059435424495445,0.0222415847178408,0.133138679022863,-0.0678869586906744,-0.0448200567738905,0.000745195844237298,0.0360478911046343
"22.813/1642.05743988556",-0.109095925775797,0.0659040721451391,-0.00284993214070935,-0.0137003681144102,0.0114671029533554,-0.0098922230128369,-0.0160577027918808,-0.00646348468761224,0.0143963147138519,-0.0213851964299497,0.00464903961976279,0.0402694796655209,0.00476312910342274,-0.101514564011248,0.00353914394867821,0.0449655150386522,-0.024614291484247,-0.0106399131983459,-0.088833505676893,0.079715745060655,-0.0790025715179625,-0.0692240256529995,0.00963887995921707,-0.000680394118175884
"23.324/1660.07414197786",0.104452366591112,0.0337751203345145,-0.209077832507973,-0.144683744767615,0.039347566381137,-0.100107007483235,0.0998060760791784,-0.0367087526384585,0.144615119354704,0.0962378896414344,-0.0241930052595824,0.126810736600931,-0.0033979077768673,-0.12866876744803,0.348321952797391,0.175098893434996,0.446465915901519,0.0970902281750336,0.166730092987523,-0.257367342461309,-0.350423127172186,-0.0352241863283616,0.256995923546788,0.072872681943572
"23.476/1665.4333175513",-0.059485779168278,0.268577862180818,-0.072898267879112,-0.00639014026791529,-0.329495592878713,0.00320918739665427,0.153233636677738,-0.0956671554645858,-0.0869488139005151,0.0351330644390259,0.0695891031884166,0.0313672348109817,-0.0277028202778262,-0.016484312513831,0.0500712681961324,0.00244457279651771,-0.101130903925217,-0.0901224719492304,0.011678616342757,-0.226972566675935,0.0911436801896113,0.0333057263732581,-0.00232111071514407,0.0300893302197654
"23.492/1665.99744129587",0.0315705695753177,0.0165586643154348,0.106451690679856,-0.677431459788976,-0.051710865826204,-0.0441277839907847,-0.0900772852601432,0.022686468558619,-0.0457825518701655,0.147750839918902,-0.0276760848144381,0.0699050523022945,-0.148231436556946,-0.0341546111833891,-0.0931119221945001,-0.171389246999125,-0.0307589222431252,-0.0165973901904485,-0.120279551797728,0.0803573747995535,0.248243524880194,-0.128632451545195,0.239921875221881,0.0612286355960828
"23.646/1671.42713233739",-0.0956465340668725,0.0163596261147988,-0.00174414257626874,-0.0106971080699086,-0.0987817724230605,-0.0130306024951078,-0.017523006290824,-0.0575970118412289,0.000522315577714597,0.00136506180664464,0.144186101541951,-0.0954889098301694,0.0253429328976409,-0.157896384585805,0.0572808251539875,0.0584834462005531,-0.0647277806875001,0.15084491897231,-0.00137299883538792,0.150022386028494,-0.0488384120607764,-0.0630166481253829,0.0295424219810124,0.00489239875178114
"23.746/1674.95290574097",-0.0783560874875861,0.202122616892207,-0.0332363500353533,-0.0234556187471821,0.224214059478313,-0.0210718821259024,-0.105421437536045,-0.0276370855734761,0.027111522970105,0.0123593019917997,0.104827579141837,-0.0662482909845492,-0.00804996185389036,-0.0657731081544715,0.0984120745260678,-0.0325235661828781,-0.117803549601384,0.184741475762877,-0.0511865180898883,-0.0675402746276603,0.0263704835912308,-0.0491381904026579,0.023718620340202,0.108136517708773
"23.877/1679.57166889966",-0.103022842573122,-0.0999527767087577,0.0325841999830397,-0.012588622520545,-0.0387576947051508,-0.0147596219927493,0.0122684767883349,-0.061261470053472,0.027638309363123,-0.0300542446371296,0.251413923108042,-0.100971018928632,-0.0279906944050766,-0.146036680097104,0.198692502779201,-0.0474816030655258,-0.156452479985134,0.125285240217066,0.16534384133749,-0.00889963267385414,0.0922407682000768,0.0130675936122152,0.0235495831500711,-0.0157368103976521
"24.102/1687.50465905771",-0.0957610977103153,0.0216328020136518,0.00163798693274079,-0.0105005569831433,-0.0388179076161717,-0.00919509374772021,-0.0291555485606686,0.00728832047870482,0.0553718236032024,-0.0241342715856086,0.108011783841089,-0.00934802323228993,-0.0126383831622596,-0.0389077196486775,0.0369577030155578,-0.0185487498695554,-0.0204027588865625,-0.0347630962797291,0.112308152999863,0.0760509007673937,-0.00496743712401613,0.0016747242565184,0.00126468044456777,-0.176093196990715
"24.278/1693.71002024801",0.102959720673039,0.0494064893651062,-0.0720529096626862,0.0851147533293432,0.0504837936134904,-0.0281295836246371,0.177764694874261,-0.0802148803771237,0.210373743175899,-0.129121246209124,-0.0177597980675118,-0.0437419256155051,0.0446939218572079,-0.134985107410006,0.082363516747531,0.0974448776233259,0.215234460104595,0.0454308739007004,0.00712026780085648,0.143690810216818,0.206550524386214,0.23900150775398,-0.0209885375739012,-0.0700381353239734
"24.301/1694.52094813084",-0.0670265102823149,0.312206209362497,-0.0932082913533569,0.00339314265695328,-0.407333478227911,0.00770000590807689,-0.0014985956477431,0.00502765082913948,0.0231919860486586,0.00481259759966303,0.00608024367711237,-0.000564423050188407,-0.00782812283966021,0.13284860626882,-0.00484888060446793,-0.156281267241328,0.0721011462528714,-0.0122343245148465,0.198285285912995,0.0685973906701753,0.0354932780764502,0.00395214683496688,-0.00387649589813518,0.0357141519782148
"24.399/1697.97620606634",-0.121750107190461,0.145160091125985,-0.0253223920635429,-0.019305568725761,-0.00606676620439871,-0.0246034559364612,-0.0177821773044791,0.0704033936864303,0.108686080922163,0.0968816009575293,0.307517993881113,-0.345362116566432,0.0285346834999608,0.114091686451748,0.132994163042314,-0.215845721079472,0.168160298765451,-0.251995668809174,-0.183957852367051,0.0542824763637994,-0.0813575328003675,-0.105553701880265,0.00947815727449395,0.0137244459080936
"24.495/1701.40537391684",-0.1052061849912,0.0325345669241201,0.00767160030044191,-0.0171155977706306,0.0496949393975003,-0.015074309299817,0.0206126970429052,0.0296844792308195,0.0442118999060523,0.00900998651706078,0.0828360465175105,0.0164318635110306,-0.00697228759163574,-0.0618880421313259,-0.00643236809184413,0.0618032436685073,-0.0471127966507694,0.0130533211271536,0.0156367186670806,0.133999480672188,-0.086773368219267,-0.0486197766311912,0.00937237437857381,-0.0541300145890771
"24.592/1704.9370130343",-0.0858348506569832,0.222877392577925,-0.0353061129524736,-0.0183004797751577,0.223025140533579,-0.0200808686068083,-0.089530045988311,0.172792308987199,0.128456798991319,0.0613717003193932,-0.0420091303220795,-0.012268480097935,-0.000471662183124171,0.16602901073633,-0.0422748111013206,-0.114625747221114,0.00849047369566718,0.292319991525811,0.167422661615013,-0.0405824786623001,0.116107092130003,0.0395417122009418,-0.000387660833386693,-0.0852627572863245
"25.163/1725.72635258137",-0.110622604916696,0.0614739713801489,-0.00783666408783844,-0.0101953160290962,-0.016162605354851,-0.0153362631685467,-0.185528701878564,0.198317358631309,0.284683301258981,-0.06730577985867,0.213329706293563,0.0186351011714985,-0.0401275117680066,0.0670780816298308,-0.0293276643226029,-0.0151785893162473,0.0608296541930744,0.0117325489002793,0.0343840087939511,0.222513971214004,-0.105803960915389,-0.0494385617206159,0.000354019540239185,-0.178405883378639
"25.273/1729.73130415787",-0.109936750971959,0.0753276059458152,-0.0161501730701897,-0.0134482302966652,0.0237171128511544,-0.00658400442143291,-0.202896204273001,-0.0901413671822129,0.0244388719506785,-0.0719170147325079,0.0884773413983954,-0.00572739120522775,0.0250811430741837,-0.0795246985252521,-0.0798669463427999,0.0795122663976339,0.104761449519184,-0.197473421464416,0.0305115314301549,0.1651459191797,-0.0849021253796158,0.015075616699612,-0.0215948512412962,0.221096303689937
"25.295/1730.53229447317",-0.107510199263605,0.0347405379723483,0.00769824929624438,-0.0179177087411676,0.0932053843791377,-0.010341115915208,0.020266655313737,0.0147112807503747,0.00364634517332438,0.0407135546150961,0.0448027855721936,0.00671186234271677,0.0173969499332474,0.0671993376852038,-0.15428523954258,0.121770364869839,0.133917117565782,-0.13999408759989,-0.112989839681013,0.0359906901602417,-0.0679854086832593,0.0292601326359867,-0.0350727197759449,0.0500722064809195
"25.922/1753.36051845919",-0.0985596023258473,-0.02830709699296,0.0209018183872937,-0.0203277927582026,0.142335036459999,-0.00830714411280293,-0.031925579938593,-0.109554067101263,-0.0426318488821744,-0.0234280844367878,0.125598555751188,0.0533338718909541,-0.0127938664231676,-0.0342322698177473,-0.107498421543933,0.19277852163511,0.0199025891928125,-0.0343059252869732,-0.012410455072226,0.0598834188441085,-0.0506699939103568,0.0570565592215583,-0.0319735993334174,0.057550165030139
"26.436/1771.85611301245",-0.0877220097280197,0.252319309956991,-0.0512886931826651,-0.0188588045452745,0.161483687827434,-0.00965380822661111,-0.21498150005414,-0.0268793725837329,0.0423602089529563,-0.0713430874561439,-0.0745980407187624,0.154512021553387,0.00207743878636238,-0.12624995490905,-0.0737414092780296,0.0830449413491218,-0.0717098985497973,-0.328302298969359,0.17027293553841,-0.338113387655292,0.185382923489025,0.179868249079587,-0.0370477595007019,-0.0177482791918876
"26.581/1777.35381926746",-0.132067545535674,0.133447601486926,-0.00945411624758219,-0.0179483972929496,0.216105501480848,-0.0110172089091727,-0.105887890273605,-0.0262226182111259,-0.0333713929613694,-0.00582342195660969,-0.137784712019794,-0.0271572784971212,0.0413544502768861,-0.00656855190346579,0.00121577059222982,-0.0812425632789577,0.116464157390052,0.0796056994989283,-0.279780767601631,-0.0280048747470056,-0.0232439938073071,-0.0866580965919191,-0.00205264096936,0.111328773820926
"27.512/1811.78220086937",0.0116973284592135,0.00575209274911218,0.0642220847608911,-0.348623965348749,-0.0318227350152002,-0.14074541415829,-0.0251900846988963,-0.225390287648343,0.270275743902926,0.256161231384895,-0.10553295048122,0.125351346642245,0.0648076549598458,0.0471574005553708,0.14007586119057,-0.0245157798428167,0.0375006284419976,0.011202591235595,-0.0921722197460425,0.0579375943788758,0.0148176270917733,0.17557139022848,-0.396398124715115,-0.0454362267758796
"27.667/1817.692366354",-0.121664832537724,0.0822850664389879,0.00400095445403011,-0.0170003631992608,0.138620066210851,-0.00746005381590955,0.0011395066739186,0.0225525059938063,0.02428716123176,-0.0281508328282286,-0.0226701357755612,0.0713528207920245,-0.0375863722824242,0.0602378630443457,0.0383936851925376,-0.0814037781353017,0.0374960959653971,0.0402927678851261,-0.194948229034906,0.0296649117174835,-0.0796264236781657,-0.100199689385527,-0.00430108924155384,-0.158364201745007
"28.086/1833.66887821246",-0.0964585806229685,-0.0454060086319517,0.0272528564643999,-0.0116075101239067,-0.00763684401786134,-0.00448921358625798,0.0994502031014665,0.0186850746682874,0.022356045587763,-0.0341733923540222,0.0361786711298902,0.148440009681579,-0.0590591267288952,-0.0177387360258863,0.0120506908941926,0.0381412100231001,-0.0955976475982645,0.0681794534208637,0.123912943755941,0.126466575365124,-0.056104398512145,-0.0218495866848029,-0.000408768070137527,-0.15227302133861
"28.435/1846.97628307786",-0.0961824291670204,0.020662409831485,6.12143895175654e-05,-0.00912055180929434,-0.117351168213654,-0.00385133564316016,0.0351697089089644,-0.0133224103861057,0.0285015222858944,-0.0196344962928437,0.132113144082503,0.0218550712059156,-0.0283756255636451,0.00774700047855196,0.000198997907336595,0.0320559152825788,0.0105817145462543,-0.0174447377198694,-0.0147615629994222,0.0666743091636775,-0.0433202090658715,-0.0137905840726436,-0.00798649296597027,-7.25999654811939e-06
"30.206/1915.20019180053",-0.062520013452061,0.267357760822744,-0.0736911563742269,-0.00565160114997605,-0.312023301709223,0.0165081247463651,0.185850357512215,-0.247749381896973,-0.251580093011866,0.0420638279425299,-0.0154220676945909,0.0633644611776826,-0.0200658850591871,0.115434147554949,-0.0790157344515702,0.0856005654126941,0.0443920638526341,0.29472068732215,-0.246190402696479,-0.0488639706855137,-0.0232682085500394,-0.0372402029502443,-0.0181141382769068,-0.0456361455667113
"32.534/2008.66234531526",-0.156951281356052,0.0670136131652635,0.286998666072554,0.164905828021049,-0.0194103511502851,0.191205862567265,-0.160296270132418,0.169327210528447,-0.219458250136495,-0.0552561680965922,-0.0251617071030093,0.0489041725589622,0.0646082359158484,0.167400584265617,0.145360454964409,0.220164375593939,0.218288188564756,0.002978630007796,0.0250823558785433,-0.0141169823999363,0.30696130802371,-0.181545271301845,0.170237842808902,0.0067954071874944
"34.508/2091.7501473188",0.164552326977367,0.124329130545536,0.467727489811677,-0.0787995249892702,0.00164538551454627,0.156706136741132,0.147135761832071,-0.0787122848872464,0.200442241207937,-0.227210232314404,-0.0277834120298889,-0.259101774248064,-0.154255474474437,-0.206459828468827,-0.172124771607431,0.0879588879803882,0.182347055203547,0.0844598526646147,0.197247501929098,-0.127498699800908,-0.0175022108936877,-0.182328919536732,-0.15325173438692,-0.0518943536330338
